video_id,title,thumbnail_url,views,likes,comments,subscriber_count,date_posted,duration,tags,category
LfkUQSm1eX8,"We Tried ""POPULAR"" YouTube Challenges | FAMILY OLYMPICS",https://i.ytimg.com/vi/LfkUQSm1eX8/maxresdefault.jpg,74,6,1,1600,2023-08-12T13:20:42Z,994.0,"['We Tried POPULAR YouTube Challenges', 'YouTube Challenges', 'family games', 'We Tried POPULAR YouTube Challenges | FAMILY OLYMPICS', 'family Challenges', 'family challenges to do at home', 'family challenges tiktok', 'family challenges at home', 'family challenges video', 'family challenge pie', 'family challenge game', 'funny games', 'farr family', 'family vlogs']",People & Blogs
hIU3zxnjx5g,Youtube Challenge Off,https://i.ytimg.com/vi/hIU3zxnjx5g/hqdefault.jpg,151,2,0,14,2019-05-08T05:48:58Z,379.0,"['cinnamon challenge', 'whisper challenge', 'woe', 'jelly bean roulette', 'youtube challenge', 'yoga challenge']",People & Blogs
TF6yPd5ZO1k,POPULAR YOUTUBE CHALLENGES YOU NEED TO KNOW,https://i.ytimg.com/vi/TF6yPd5ZO1k/maxresdefault.jpg,38,11,2,272,2020-12-01T23:29:14Z,388.0,"['#youtube', '#challenges', 'popularvideo']",Entertainment
XarsW9OjwEU,THE MOST EXTENSIVE POPULAR YOUTUBE CHALLENGES YOU CAN DO RIGHT NOW! | Just A List,https://i.ytimg.com/vi/XarsW9OjwEU/maxresdefault.jpg,101,4,2,1400,2021-08-04T05:00:15Z,257.0,"['just a list', 'the most extensive popular youtube challenges you can do right now', 'youtube challenges', '24 hours challenge ideas', 'youtube content', 'youtube content ideas', 'video content ideas', 'challenge ideas', 'most popular content ideas', 'most popular challenge ideas', 'fun challenges', 'challenge', 'pranks', 'prank ideas', 'multi do challenge', 'youtube video ideas', 'video ideas', 'youtube channel ideas', 'challenges', 'video ideas to grow your channel fast', 'how to grow your channel fast ideas']",People & Blogs
1Ry0I5MDiAo,TOP 13 FAMOUS CHALLENGES IN YOUTUBE 2019,https://i.ytimg.com/vi/1Ry0I5MDiAo/maxresdefault.jpg,659,14,11,3810,2020-01-07T19:04:15Z,1053.0,"['The Eat It or Wear It Challenge', 'Try Not to Laugh', 'The Whisper Challenge', 'Speed Drawing', 'Touch My Body', 'Chubby Bunny', 'Innuendo Bingo', 'The Cinnamon Challenge', 'Say Anything', 'Bean Boozled Challenge', 'The Disney Challenge', 'Ghost Pepper Challenge', 'Charlie Charlie', 'Pencil Game']",People & Blogs
D2MF-tMkt-g,THE BEST YOUTUBE CHALLENGES | BARBER CLIPS PODCAST | NEW BARBER CHALLENGES | OLD VS NEW,https://i.ytimg.com/vi/D2MF-tMkt-g/sddefault.jpg,80,14,35,225,2021-04-28T16:15:51Z,1264.0,[],People & Blogs
MrF-PGbRtAQ,20 POPULAR YouTube CHALLENGES FOR VLOGGING,https://i.ytimg.com/vi/MrF-PGbRtAQ/maxresdefault.jpg,193,12,4,91,2020-08-27T13:53:23Z,182.0,"['Film Maker Pro', 'youtube challenge']",People & Blogs
3Ym7yApnyKo,TRYING POPULAR VIRAL CHALLENGES!!!,https://i.ytimg.com/vi/3Ym7yApnyKo/sddefault.jpg,117,6,0,258,2019-06-13T04:16:17Z,896.0,"['3-31-19', 'VIRAL', 'CHALENGE', 'VIDEO', 'PEPPER', 'FIRE', 'MARSHMELLOW', 'CINNAMON', 'FUNNY', 'FUN']",Entertainment
d_w3YjlbmQg,2014 Youtube CHALLENGES!! (GONE WRONG!!),https://i.ytimg.com/vi/d_w3YjlbmQg/maxresdefault.jpg,74,16,4,97,2021-05-16T17:00:12Z,687.0,"['2014 Youtube CHALLENGES!! (GONE WRONG!!)', '2014 youtube challenges', 'old youtube', 'youtube challenges 2021', 'youtube challenges to do with friends', 'youtube challengesÔøº 2020', 'challenge gone wrong tiktok', 'challenge gone right', 'gone wrong videos 2020', 'gone wrong moments', 'gone wrong', 'chubby bunny challenge', 'chubby bunny challenge funny challenge', 'ice bucket challenge', 'ice bucket challengeüòÉ celebrities', 'cinnamon challenge', 'salt and ice challenge', 'salt and ice experiment explanation']",Entertainment
GB4fEj4LzvI,POPULAR YouTube challenge video ideas,https://i.ytimg.com/vi/GB4fEj4LzvI/maxresdefault.jpg,1199,16,3,1400,2020-09-07T02:27:45Z,681.0,"['jazzie day', 'popular video ideas on youtube', 'most viewed content on youtube', 'most viewed video on youtube', 'youtube challenge video ideas', 'how to start a successful youtube channel', 'best content on youtube', 'content ideas that blow up your channel', 'viral youtube challenge', 'Ivana Alawi', 'Ranz Kyle', 'Niana Guerrero', 'Alex Gonzaga', 'Zeinab Harake', 'Raffy Tulfo in Action', 'Ja Mill']",People & Blogs
2XG26qhH_M0,DOING POPULAR YOUTUBE CHALLENGES,https://i.ytimg.com/vi/2XG26qhH_M0/sddefault.jpg,32,3,0,631,2022-09-05T20:35:37Z,760.0,[],Gaming
3VR2h2HUI7g,youtube challenges 2022/how to viral my first video on youtube,https://i.ytimg.com/vi/3VR2h2HUI7g/maxresdefault.jpg,16,4,0,8,2022-08-22T13:00:16Z,119.0,"['youtube challenges 2022', 'how to viral my first video on youtube', 'trending youtube challenges 2022', 'Most Popular Challenge Ideas to do on YouTube / 40+ Challenge Ideas for YouTube Videos', 'challenge', 'challenges', 'vlogging challenge', 'challenging vlogs', 'how to viral my first vlog', 'how to viral my first videos on youtube', 'babgla vlogs', 'bengali volloger', 'bangla challenge', 'my first vlogs on 2022']",People & Blogs
9du4qq5yaz8,The Dave DY Show - Podcast Episode #93 - Most Popular Youtube Challenges,https://i.ytimg.com/vi/9du4qq5yaz8/maxresdefault.jpg,16,2,1,61,2019-03-30T22:21:06Z,1836.0,"['podcast', 'youtube challenges', 'most popular challenges', 'most popular', 'challenges', 'entertainment', 'people', 'news', 'current events', 'tide pods', 'tide pod challenge', 'ice bucket challenge', 'chubby bunny challenge', 'cinnamon challenge', 'social media', 'kids', 'fun', 'funny']",People & Blogs
wUgUr-072GQ,What‚Äôs In The Box Challenge?! (GONE WRONG) | Best Friend Tag | YOUTUBE Challenges,https://i.ytimg.com/vi/wUgUr-072GQ/maxresdefault.jpg,90,4,0,379,2020-10-27T01:01:37Z,2296.0,"[""what's in the box"", ""what's in the box challenge"", 'youtube games', 'youtube challenges', 'youtuber', 'youtube', 'challenges', 'fun with friends', 'best friend', 'best friend tag', 'writeous world', 'writeous soul', 'souler system', 'best friends']",Entertainment
vlhZguV2a7I,Top funniest YouTube Challenges ever/ Plus special bonus challenge at the end (Waxyz World),https://i.ytimg.com/vi/vlhZguV2a7I/maxresdefault.jpg,83,9,1,5270,2020-02-19T23:30:49Z,626.0,"['family friendly', 'waxyz world', 'family', 'father and son', 'comedy', 'funny', 'fun', 'try not to laugh challenge', 'top funniest YouTube challenges', 'challenges', 'challenges 2020', 'try not to laugh', 'funny videos', 'funny moments', 'challengesÔøº fortnite', 'challengesÔøº tik tok', 'challengesÔøº food', 'challengesÔøº dance', 'comedy video', 'challengesÔøº dance 2019', 'best youtube challenge', 'family friendly movies', 'family friendly videos', 'family friendly content', 'challenge accepted', 'challenger', 'challengesÔøº', 'best challenge']",Entertainment
94KPTvypBsU,Farmer Krystal Try's Popular YouTube Challenges,https://i.ytimg.com/vi/94KPTvypBsU/sddefault.jpg,38,1,0,173,2020-02-09T22:53:05Z,391.0,"['Krystal Higdon', 'cinnamon challenges', 'Chubby Bunny Challenge', 'No Thumbs challenge', 'small youtubers', 'Challenges', 'Comedy', 'Entertainment', 'Farmer Krystal', 'Krystal Higdon Challenges']",Entertainment
vuqpgAB8_1U,We try 3 Youtube Challenges!   HD 1080p,https://i.ytimg.com/vi/vuqpgAB8_1U/maxresdefault.jpg,339,13,29,17000,2021-04-05T21:17:05Z,539.0,"['Youtube challenges', 'yotube challenges', 'youtube challengesÔøº 2020', 'youtube challenges 2021', 'youtube challenges to do with friends', 'youtube challenges for couples', 'youtube challenges 2020', 'youtube challenges to do by yourself', 'youtube challenges for beginners', 'youtube challenges jimmy kimmel', 'youtube challenges to do', 'youtube challenges with friends', 'youtube challengesÔøº 2021', 'youtube challenges for one person', 'youtube challenges to do alone', 'Yotube challengesÔøº 2020']",Gaming
ckvvRkhfyQ8,Top 4 YouTube Challenges #HWShow Episode 11,https://i.ytimg.com/vi/ckvvRkhfyQ8/maxresdefault.jpg,258,63,10,235,2020-04-22T01:04:18Z,781.0,"['Entertainment', '#Podcast', 'challenge']",Entertainment
siATVT4-KPE,Top 5 Youtube Challenges Gone Horribly Wrong,https://i.ytimg.com/vi/siATVT4-KPE/maxresdefault.jpg,149,23,43,1070,2019-07-15T16:00:12Z,190.0,"['top 5', 'social media', 'cinnamon challenge', 'fire challenge', 'social media challenges', 'internet challenge', 'food challenge', 'top 5 unknowns', 'Top5 Worst Youtube Challenges', 'challenge', 'funny', 'youtube', 'online', 'top', 'viral', 'best', 'facts', 'fail', 'bad youtube challenges', 'youtube videos', 'viral videos 2019', 'fail compilation', 'youtube videos gone wrong', 'Top 5 Youtube Challenges Gone Horribly Wrong']",Entertainment
F_bCpfBKitE,55 MOST POPULAR CHALLENGES ON YOUTUBE,https://i.ytimg.com/vi/F_bCpfBKitE/sddefault.jpg,62,18,0,464,2020-07-29T17:00:04Z,186.0,[],People & Blogs
W4aTtoAikzQ,Solo Youtube Challenges by Surabhi Chaubey,https://i.ytimg.com/vi/W4aTtoAikzQ/maxresdefault.jpg,114,7,2,2160,2021-08-30T05:42:23Z,174.0,"['subscribe now', 'surabhichaubey', 'Video', 'Editing', 'video production course in hindi', 'surabhi chaubey', 'Surabhi', 'Chaubey', 'Surabhi Chaubey', 'madden ultimate team', 'food challenge', 'challenges', 'youtube video ideas for beginners', 'eating challenge', 'video song', 'challenge', 'challenges video in hindi', 'challenges video food', 'challenges video games', 'comedy', 'how to use youtube shorts', 'youtube shorts', '#shorts', 'shorts beta', 'shorts video', 'how to make money with youtube shorts', 'funny videos 2021']",Film & Animation
JqOj7QGhQIQ,Guess the food challenges | YOUTUBE POPULAR FOOD CHALLENGES | Just A List,https://i.ytimg.com/vi/JqOj7QGhQIQ/maxresdefault.jpg,55,2,6,1400,2021-07-16T11:44:58Z,193.0,"['just a list', 'guess the food challenges', 'food challenges', 'food challenge ideas', 'challenge ideas', 'youtube food challenge ideas', 'guessing food challenge', 'content ideas', 'food ideas', 'food content', 'youtube content', 'youtube ideas', 'youtube video ideas', 'youtube 24 hours ideas', '24 hours challenge ideas']",People & Blogs
QTtTz6JHr2I,POPULAR YOUTUBE CHALLENGES,https://i.ytimg.com/vi/QTtTz6JHr2I/hqdefault.jpg,264,138,12,926,2021-03-19T00:37:53Z,756.0,['#Video.Guru'],People & Blogs
xfJe7wW4l6w,74 youtube video ideas that will BLOW UP your channel üê£‚ú®Ô∏è *unique*,https://i.ytimg.com/vi/xfJe7wW4l6w/sddefault.jpg,305027,11849,789,32500,2023-05-05T14:00:39Z,569.0,"['youtube video ideas that will blow up', '74', '100+', 'non basic', 'unique', 'fun', 'at home', 'aesthetic', 'lifestyle', 'trendy', 'teen', 'girl', 'for small youtubers', 'successful', 'channel growth and views', 'how to start and grow a youtube channel', 'new', 'updated', 'popular', 'low effort videos', 'funny', 'friends', 'siblings', 'family', 'cute', 'vlogs', 'booktube']",People & Blogs
xMKRHOgRwk8,Bean Boozled Couples Challenge | NEW 5TH EDN #Beanboozled - Popular challenges on Youtube,https://i.ytimg.com/vi/xMKRHOgRwk8/maxresdefault.jpg,630,94,167,2230,2020-11-26T21:00:16Z,862.0,"['bean boozled', 'family bean boozled challenge', 'challenge vids on youtube', 'fam challenges', 'familyvloggersuk', 'bean boozled couple', 'bean boozled changelleges couple', 'changelleges couple', 'couple challenges family', 'youtube challenges 2020', 'most popular challenges on youtube 2020', 'jelly beans challenge beanboozled', 'boozle', 'fun youtube challenge', 'fun youtube challenge 2020', 'beanboozled 5th edition', 'bean boozled 5th edition', 'couples challenge youtube', 'sweet challenge 2020', 'beanboozled']",Entertainment
sRfJ7Cn3am8,10 Popular challenges you should try in The Sims 4!,https://i.ytimg.com/vi/sRfJ7Cn3am8/sddefault.jpg,779366,25917,463,329000,2021-08-30T17:07:05Z,661.0,"['sims 4 challenges', 'sims 4 popular challenges', 'sims 4 not so berry', 'sims 4 baby challenges', 'sims 4 story ideas', 'sims 4 gameplay', 'sims 4 gameplay ideas', 'sims 4 challenge ideas', 'sims 4 100 baby', 'fun things to do in the sims', 'how to make the sims 4 more fun', 'better gameplay for the sims 4', 'fun sims challenges', '10 challenges for the sims', '10 sims challenges', 'best sims 4 challenges', 'best sims 4 gameplay ideas', 'best sims 4 challenge ideas', 'challenges to play in the sims']",Gaming
x9TQ6culXIA,"$1,000,000 Influencer Tournament!",https://i.ytimg.com/vi/x9TQ6culXIA/maxresdefault.jpg,92880291,3145894,87269,313000000,2021-12-16T21:00:00Z,725.0,[],Entertainment
P5ytfpM1Bcs,CHALLENGE CONTENT IDEAS / FOR YOUTUBERS /MUST WATCH,https://i.ytimg.com/vi/P5ytfpM1Bcs/sddefault.jpg,19833,444,10,1840,2021-05-28T14:54:27Z,291.0,"['#smallyoutubers', '#Vlogging', '#Vlogs', '#content']",Education
JfWTk-PZQrY,Most Popular Challenge Ideas to do on YouTube / 40+ Challenge Ideas for YouTube Videos,https://i.ytimg.com/vi/JfWTk-PZQrY/maxresdefault.jpg,82194,1864,148,1500,2021-09-29T10:10:21Z,255.0,"['most popular challenge ideas to do', 'most popular challenge ideas for youtube videos', 'challenges for youtube videos', 'funny and easy challenges', '40+ challenge ideas']",Entertainment
K1YCGYlY6jc,Top 10 Viral Challenges That Got People Killed,https://i.ytimg.com/vi/K1YCGYlY6jc/maxresdefault.jpg,564961,10930,2264,25400000,2023-09-20T21:00:08Z,628.0,"['Digital Media', 'Internet', 'Tech', 'challenges', 'dangerous viral challenges', 'deadly challenges', 'deadly internet challenges', 'internet challenges', 'internet challenges that got people killed', 'list', 'mojo', 'social media challenges', 'stupidest internet challenges', 'top 10', 'viral', 'viral challenges', 'viral challenges that got people killed', 'viral internet challenges', 'viral internet challenges that got people killed', 'watch mojo', 'watchmojo', 'worst viral challenges']",Entertainment
rJkQ3sGm5v8,Top 10 Most Dangerous Challenges in Survivor,https://i.ytimg.com/vi/rJkQ3sGm5v8/maxresdefault.jpg,504027,6429,405,160000,2022-10-26T17:01:13Z,919.0,['peridiam'],Entertainment
vBBQ_OcajeI,12 Crazy YouTube *CHALLENGES* Pokemon Edition,https://i.ytimg.com/vi/vBBQ_OcajeI/maxresdefault.jpg,216,49,102,20400,2020-08-21T18:00:10Z,1746.0,"['pokemon opening', 'pokemon unboxing', 'pokemon', 'pokemon tcg', 'pokemon giveaway', 'leonhart', 'unlisted leaf', 'pokemon challenge', 'opening Pokemon cards', 'popular youtube challenges', 'nasty smoothie challenge', 'beanboozled challenge', 'pokemon card challenge', 'tcg funhouse', 'pokemon tcg challenge', 'funny pokemon']",Entertainment
gITO6n9xEpo,YouTubers React To 10 Viral YouTube Challenges From Last 10 Years,https://i.ytimg.com/vi/gITO6n9xEpo/maxresdefault.jpg,561818,17794,1980,20100000,2020-03-31T21:12:07Z,925.0,"['deadmeat', 'eugenia cooney', 'dangmattsmith', 'bretman rock', 'brandon rogers', 'gangnam style', 'harlem shake', 'planking', 'eugenia', 'ice bucket challenge', 'broom challenge', 'psy', 'kylie jenner', 'plank', 'mannequin challenge', 'invisible box', ""karma's a b"", 'youtubers react', 'react', 'reaction', 'fbe', 'timothy delaghetto', 'invisible box challenge', 'tiktok trends', 'viral', 'aydan conrad', 'caylus', 'jesser', 'infinite', 'trends of the decade', 'YouTubers React To TOP 10 Viral Challenges OF ALL TIME', 'bretman']",Entertainment
rltii7tkAYc,We tried MOST POPULAR SHORTS Family Challenges (GONE WRONG) w/The Norris Nuts,https://i.ytimg.com/vi/rltii7tkAYc/maxresdefault.jpg,827329,12903,770,2880000,2023-06-11T06:30:14Z,989.0,"['sabre norris', 'norris nuts', 'sockie', 'biggy', 'naz', 'sockie norris', 'naz norris', 'biggy norris', 'justin norris', 'brooke norris', 'family challenges', 'family games', 'challenges', 'YouTube Shorts', 'Viral Shorts', 'Shorts challenge', 'Shorts trends', 'table challenges', 'dining room']",Entertainment
EU26PhJyXzo,POPULAR YOUTUBE CHALLENGES IN ONE VIDEO!! | MULTIPLE CHALLENGES!!,https://i.ytimg.com/vi/EU26PhJyXzo/maxresdefault.jpg,226,44,29,461,2020-05-13T13:34:16Z,845.0,"['Nigerian YouTuber', 'Animator YouTuber', 'Nigerian Animator YouTuber', 'Lifestyle YouTuber', 'Nigerian Lifestyle YouTuber', 'Damola Kevwe']",People & Blogs
S_AOUiB0I7M,These Challenges Make ZERO Sense,https://i.ytimg.com/vi/S_AOUiB0I7M/maxresdefault.jpg,13415228,687343,28433,8820000,2021-01-24T11:02:57Z,577.0,"['slayy point', 'funny hindi video', 'funny vines', 'Challenge', 'Funny challenge', 'Challenge India', 'Food challenge', 'Face sitting challenge', 'Standing challenge', 'Slapping challenge', 'Hair pulling challenge']",Comedy
t_1hs19Je24,BABY vs. EXTREME CANDY (POP ROCKS & more challenges) | Anazala Family,https://i.ytimg.com/vi/t_1hs19Je24/maxresdefault.jpg,5519456,150292,34295,8230000,2021-05-05T22:53:10Z,498.0,"['The Royalty Family', 'Royalty Family', 'Royalty', 'Family Vlog', 'royalty', 'royalty palace', 'wife and husband', 'ferran', 'swap', 'swapping', 'swaps', 'swapping lives', 'extreme candy', 'lemon', 'baby', 'vs', 'baby vs lemon', 'baby vs extreme sour', 'warheads', 'pop rocks', 'challenge', 'Anazala', 'Anazala Family', 'The Anazala Family', 'Family']",Entertainment
0z_2_UsGwVo,1 Minute Challenge | Funny Video | Comedy Video | Funny Challenges | Short Video | Aadrika's Passion,https://i.ytimg.com/vi/0z_2_UsGwVo/maxresdefault.jpg,245,30,0,18300,2021-05-27T18:37:31Z,532.0,"['comedy short video', 'best comedy shorts', 'comedy short clips', 'comedy short comedy', 'comedy short clips hindi', 'comedy short comedy video', 'comedy shorts youtube', 'comedy short hindi', 'comedy short hindi video', 'youtube challenges 2021', 'youtube challenges to do with friends', 'youtube challenges to do', 'youtube challenges to do alone', 'youtube challenge videos', 'best youtube challenges', 'best youtube challenges 2021', 'challenges for youtube channel', 'challenges for your youtube channel']",Entertainment
24rNUvuYKhM,Top YouTube Challenges |Throwback Edition|2020,https://i.ytimg.com/vi/24rNUvuYKhM/maxresdefault.jpg,7479,193,31,1710,2020-02-02T19:46:13Z,1573.0,"['Tyler Huggins', 'top yotube challenges', '2020', 'BRENT RIVERA']",Entertainment
GSnmNfxAtuU,Popular Dance Trends Compilation Part 22,https://i.ytimg.com/vi/GSnmNfxAtuU/maxresdefault.jpg,2471348,5947,117,2590000,2023-10-06T17:00:17Z,490.0,"['one challenge', 'tiktok mashup 2023', 'tiktok', 'tiktok dances 2023', 'tiktok dance', 'tiktok dances', 'tiktok mashup', 'dance', '1 challenge', 'tik tok', 'dance challenge', 'dance compilation', 'one challenge dance', 'tiktok hits 2023', 'tiktok dance compilation', 'tiktok dance challenge', 'viral tiktok dances', 'best tiktok dances 2023', 'tik tok mashup', 'best tiktok dances', 'trend tiktok dance compilation', 'people dance', 'tiktok challenge', 'tiktok dance moves']",Entertainment
uus2zwV_BEI,Competing In The Most Popular 24 Hour Challenges! | Rebecca Zamolo,https://i.ytimg.com/vi/uus2zwV_BEI/maxresdefault.jpg,1294148,10454,584,229000,2024-03-20T16:00:44Z,4086.0,"['rebecca zamolo', 'challenge', 'challenges', 'best of rebecca zamolo', 'best rebecca zamolo videos']",People & Blogs
HFV8wEPiZg4,FINISH THE LYRICS - Most Popular Viral TikTok Songs | MEGA CHALLENGE,https://i.ytimg.com/vi/HFV8wEPiZg4/maxresdefault.jpg,3134213,12005,643,27800,2024-01-23T14:43:00Z,770.0,"['#finishthelyrics', '#finishthelyric', '#guessthesong', '#tiktok', '#songsquiz', '#musicquiz', '#quiz']",Entertainment
q4oUIGZ1TnI,Top 10 YouTube Challenges for Kids,https://i.ytimg.com/vi/q4oUIGZ1TnI/maxresdefault.jpg,247,21,0,2930,2023-04-13T19:37:46Z,902.0,"['YouTube challenges for kids', 'Top 10 YouTube challenges for kids', 'YouTube challenges']",Entertainment
doIfmv7Jls4,What Popular Dance Trends Do You Know? - TikTok Dance Challenges 2023 Qiuz #tiktok #dance,https://i.ytimg.com/vi/doIfmv7Jls4/maxresdefault.jpg,2225725,6540,117,2210000,2023-05-16T12:00:33Z,379.0,"['What Popular Dance Trends Do You Know', 'TikTok Dance Challenges 2023', 'tiktok dance', 'tiktok mashup', 'dance challenge', 'kika kim', 'xo team', 'tiktok', 'dance challenge 2023', 'tiktok dance compilation', 'dance compilation', 'tiktok memes', '2023', 'tik tok mashup 2023', 'dance', 'challenge', 'tik tok', 'cupid tiktok dance', 'cupid', 'fifty fifty', 'jisoo flower dance', 'jisoo flower', 'clap when she walk tiktok', 'bounce when she walk', 'tiktok 2023', 'tiktok dances 2023', 'dance tik tok', 'tik tok 2023', 'tiktok trend']",Entertainment
